{
  "model": "PV RCNN",
  "frame_id": "000001",
  "num_predictions": 6,
  "num_ground_truth": 3,
  "predictions": {
    "bboxes_3d": [
      [
        58.93094253540039,
        16.854013442993164,
        -1.4870877265930176,
        3.9242067337036133,
        1.566237449645996,
        1.497098445892334,
        3.2354581356048584
      ],
      [
        29.799394607543945,
        -7.092090606689453,
        -1.239912986755371,
        3.7755260467529297,
        1.5512036085128784,
        1.4594520330429077,
        6.139293193817139
      ],
      [
        39.524898529052734,
        20.21572494506836,
        -1.8119933605194092,
        4.018615245819092,
        1.642598271369934,
        1.614210844039917,
        3.0838332176208496
      ],
      [
        3.195378065109253,
        -8.600272178649902,
        -1.6011070013046265,
        0.7015491127967834,
        0.6557698249816895,
        1.7366914749145508,
        3.0956778526306152
      ],
      [
        46.16396713256836,
        -4.624599456787109,
        -0.9572334885597229,
        1.7108769416809082,
        0.43919628858566284,
        1.7452538013458252,
        6.491942882537842
      ],
      [
        15.670350074768066,
        -7.414332866668701,
        -1.3677557706832886,
        1.6024806499481201,
        0.4413657784461975,
        1.6454598903656006,
        5.276115894317627
      ]
    ],
    "scores_3d": [
      0.7668890357017517,
      0.4169858694076538,
      0.3930474817752838,
      0.32915180921554565,
      0.18430961668491364,
      0.12901529669761658
    ],
    "labels_3d": [
      2,
      2,
      2,
      0,
      1,
      1
    ]
  }
}