Model,precision,recall,true_positives,false_positives,false_negatives,avg_iou,num_predictions,num_ground_truth,inference_time,fps
PV RCNN,0.3051946346290799,0.8114009587787689,4.283384574254779,9.541371474401817,0.9116428284988638,0.694799548560913,13.824756048656596,5.1950274027536425,0.31478019991495954,4.409183821062582
PointPillars,0.41737155483646593,0.6688244153524308,3.4710600187140757,4.51370137682128,1.7239673840395668,0.6526535103915793,7.984761395535356,5.1950274027536425,0.09718074535338768,10.663399317807885
