{"labels_3d": [0, 0, 0, 0, 0, 0, 0], "scores_3d": [0.5298904180526733, 0.4377673268318176, 0.40604814887046814, 0.23182371258735657, 0.14750634133815765, 0.12333556264638901, 0.11797954142093658], "bboxes_3d": [[58.74333190917969, 16.43309211730957, -1.5540944337844849, 3.6754801273345947, 1.5762486457824707, 1.507054328918457, 3.1010568141937256], [39.60129928588867, 18.588953018188477, -1.7179203033447266, 3.694984197616577, 1.5982903242111206, 1.6390433311462402, 3.0852489471435547], [29.798398971557617, -7.034430027008057, -1.2351102828979492, 3.774043083190918, 1.5037645101547241, 1.4864662885665894, -0.01828181743621826], [39.4671745300293, 20.19076919555664, -1.6762382984161377, 3.850491523742676, 1.6250633001327515, 1.5575214624404907, 3.1250505447387695], [37.178531646728516, -3.67205810546875, -1.3704235553741455, 3.8358869552612305, 1.5684199333190918, 1.565117597579956, 2.9548637866973877], [16.988014221191406, 35.326904296875, -2.1125714778900146, 4.07589054107666, 1.622418999671936, 1.5156911611557007, 2.9612107276916504], [25.13130760192871, 27.908676147460938, -2.1100947856903076, 3.361680269241333, 1.504044771194458, 1.4847787618637085, 2.9944686889648438]], "box_type_3d": "LiDAR"}