{"labels_3d": [0, 0, 0, 0, 0, 0, 0, 0], "scores_3d": [0.642990231513977, 0.5473476648330688, 0.21402788162231445, 0.1737898886203766, 0.1393897980451584, 0.13221170008182526, 0.1152816191315651, 0.11317934840917587], "bboxes_3d": [[4.980254650115967, -5.049190044403076, -1.676753282546997, 3.489095687866211, 1.534751057624817, 1.4745464324951172, 0.08566927909851074], [8.393040657043457, 13.184199333190918, -1.427589774131775, 3.678577184677124, 1.6388015747070312, 1.7221392393112183, 4.52301549911499], [4.781349182128906, 7.816511631011963, -1.5060906410217285, 3.732780933380127, 1.5187822580337524, 1.4359736442565918, 1.167277216911316], [0.7462595701217651, -4.389678955078125, -1.7319698333740234, 3.525775194168091, 1.6094979047775269, 1.6430732011795044, 2.7306580543518066], [0.49768543243408203, -9.319652557373047, -1.6688766479492188, 3.937713146209717, 1.6552494764328003, 1.6481802463531494, 4.27406120300293], [22.705711364746094, 19.388280868530273, -1.3920272588729858, 4.125073432922363, 1.6262998580932617, 1.42387056350708, 3.2303147315979004], [0.07664436846971512, -1.4336732625961304, -1.838604211807251, 3.5864028930664062, 1.5142415761947632, 1.6789543628692627, 3.650214195251465], [3.659712791442871, -7.597600936889648, -1.7075716257095337, 3.718714952468872, 1.5504401922225952, 1.4933841228485107, 3.0902276039123535]], "box_type_3d": "LiDAR"}